Feature,Importance,Std Dev
has_dependents,0.21719999999999998,0.009558242516278825
salary,0.20429999999999998,0.008944830909525352
employment_type,0.17940000000000006,0.006785278181474932
age,0.1317,0.005950630218724742
marital_status,0.0,0.0
gender,0.0,0.0
region,0.0,0.0
tenure_years,0.0,0.0
